<?xml version="1.0" encoding="UTF-8"?>
<project-private xmlns="http://www.netbeans.org/ns/project-private/1">
    <editor-bookmarks xmlns="http://www.netbeans.org/ns/editor-bookmarks/2" lastBookmarkId="0"/>
    <open-files xmlns="http://www.netbeans.org/ns/projectui-open-files/2">
        <group name="CSD">
            <file>file:/D:/02.%20Code/JAVA/CSD%20JAVA/LinkedList/src/Node.java</file>
            <file>file:/D:/02.%20Code/JAVA/CSD%20JAVA/LinkedList/src/SinglyLinkedList.java</file>
            <file>file:/D:/02.%20Code/JAVA/CSD%20JAVA/LinkedList/src/main.java</file>
        </group>
        <group/>
    </open-files>
</project-private>
