<?xml version="1.0" encoding="UTF-8"?>
<project-private xmlns="http://www.netbeans.org/ns/project-private/1">
    <editor-bookmarks xmlns="http://www.netbeans.org/ns/editor-bookmarks/2" lastBookmarkId="0"/>
    <open-files xmlns="http://www.netbeans.org/ns/projectui-open-files/2">
        <group>
            <file>file:/D:/02.Code/JAVA/CSD_JAVA/_LAB/Lab4/Tree/src/tree/Main.java</file>
            <file>file:/D:/02.Code/JAVA/CSD_JAVA/_LAB/Lab4/Tree/src/tree/BinaryTree.java</file>
            <file>file:/D:/02.Code/JAVA/CSD_JAVA/_LAB/Lab4/Tree/src/tree/TreeFunction.java</file>
            <file>file:/D:/02.Code/JAVA/CSD_JAVA/_LAB/Lab4/Tree/src/tree/Node.java</file>
            <file>file:/D:/02.Code/JAVA/CSD_JAVA/_LAB/Lab4/Tree/src/tree/Queue.java</file>
            <file>file:/D:/02.Code/JAVA/CSD_JAVA/_LAB/Lab4/Tree/src/tree/Stack.java</file>
        </group>
    </open-files>
</project-private>
